time_s,wear_index,profile,run_id,measured_rpm,measured_manifold_pressure_kpa,measured_intake_temperature_c,measured_fuel_flow_kg_s,measured_torque_nm,measured_power_kw,measured_cht_cylinder_1_c,measured_cht_cylinder_2_c,measured_cht_cylinder_3_c,measured_cht_cylinder_4_c,measured_egt_cylinder_1_c,measured_egt_cylinder_2_c,measured_egt_cylinder_3_c,measured_egt_cylinder_4_c,measured_oil_temperature_c,measured_oil_pressure_psi,measured_oil_flow_l_min,measured_battery_voltage_v,measured_battery_current_a,measured_battery_soc,measured_vibration_rms,measured_vibration_peak,measured_vibration_0_5x,measured_vibration_1x,measured_vibration_2x,rul_seconds
0.9900000000000007,0.025623321875602123,NOMINAL,run_047,3745.0,60.4,0.7000000000000001,3.0000000000000004e-05,65.60000000000001,25.89,49.900000000000006,49.900000000000006,49.300000000000004,50.0,57.400000000000006,54.800000000000004,57.300000000000004,56.0,50.400000000000006,87.80000000000001,0.11,24.95,-3.77,1.0,0.168,0.343,0.018000000000000002,0.095,0.058,55.469999999997334
1.9900000000000015,0.03686374469115666,NOMINAL,run_047,4268.0,60.230000000000004,-0.2,0.0,66.10000000000001,29.61,52.1,51.1,49.400000000000006,49.400000000000006,60.1,65.0,61.900000000000006,64.9,50.5,90.5,0.15,24.94,-3.56,0.996,0.18,0.375,0.023,0.089,0.057,54.469999999997334
2.9899999999999802,0.05058638940351219,NOMINAL,run_047,4599.0,60.36,0.1,0.0,65.60000000000001,31.79,50.400000000000006,50.900000000000006,50.300000000000004,51.7,68.7,66.60000000000001,68.2,66.8,51.1,91.80000000000001,0.15,24.830000000000002,-3.54,0.996,0.154,0.361,0.023,0.107,0.003,53.469999999997356
3.989999999999959,0.06598219465260702,NOMINAL,run_047,4809.0,60.49,1.0,2e-05,65.10000000000001,32.92,51.400000000000006,50.2,50.7,50.0,69.5,69.9,71.0,70.7,52.5,92.4,0.13,24.94,-3.5500000000000003,0.99,0.184,0.41400000000000003,0.019,0.094,0.067,52.46999999999738
4.989999999999938,0.08241815773084105,NOMINAL,run_047,4923.0,60.29,0.5,6.000000000000001e-05,64.9,33.56,50.6,51.5,51.5,51.2,69.2,73.8,71.8,71.10000000000001,53.0,91.30000000000001,0.26,24.98,-3.69,1.0,0.157,0.319,0.026000000000000002,0.10400000000000001,0.011,51.4699999999974
5.989999999999917,0.09947051223637389,NOMINAL,run_047,4995.0,60.47,1.0,0.0,64.5,34.0,51.300000000000004,50.5,51.900000000000006,52.1,71.4,71.60000000000001,72.4,69.60000000000001,53.2,92.80000000000001,0.08,24.93,-3.52,1.0,0.189,0.396,0.015,0.10400000000000001,0.057,50.46999999999742
6.989999999999895,0.11687820705644418,NOMINAL,run_047,5029.0,60.160000000000004,-0.1,0.0,64.7,34.12,51.2,52.2,53.2,52.0,72.4,74.9,70.2,73.2,54.5,91.2,0.05,24.94,-3.65,1.0,0.165,0.342,0.017,0.10200000000000001,0.036000000000000004,49.46999999999744
7.989999999999874,0.13448757658013039,NOMINAL,run_047,5055.0,60.120000000000005,0.1,3.0000000000000004e-05,65.2,34.2,51.800000000000004,51.5,51.400000000000006,51.800000000000004,70.9,72.5,72.7,68.9,54.7,90.9,0.16,24.97,-3.5700000000000003,0.998,0.193,0.423,0.027,0.107,0.056,48.46999999999746
8.989999999999853,0.15221040755027168,NOMINAL,run_047,5064.0,60.5,-0.6000000000000001,3.0000000000000004e-05,64.10000000000001,34.26,52.800000000000004,54.400000000000006,52.7,52.0,73.3,71.4,73.0,71.4,55.900000000000006,91.5,0.19,24.88,-3.49,0.999,0.19,0.40900000000000003,0.011,0.09,0.055,47.46999999999748
9.989999999999831,0.1699967590173223,NOMINAL,run_047,5076.0,60.47,-0.8,4e-05,64.5,34.39,52.7,53.400000000000006,52.5,52.400000000000006,73.60000000000001,75.0,74.10000000000001,73.0,55.5,90.7,0.14,24.97,-3.66,0.989,0.179,0.41400000000000003,0.024,0.098,0.045,46.469999999997505
10.98999999999981,0.18781857467778743,NOMINAL,run_047,5081.0,60.31,-0.30000000000000004,0.0,63.6,34.34,54.300000000000004,53.6,51.800000000000004,53.1,73.0,72.60000000000001,70.7,71.10000000000001,55.5,91.2,0.17,24.92,-3.5700000000000003,0.99,0.181,0.41300000000000003,0.011,0.1,0.046,45.469999999997526
11.989999999999789,0.20566016019137262,NOMINAL,run_047,5086.0,60.47,-0.2,0.0,64.7,34.28,54.300000000000004,55.400000000000006,53.1,53.1,74.60000000000001,75.2,70.9,73.4,57.6,89.4,0.28,24.96,-3.62,0.997,0.17500000000000002,0.34900000000000003,0.024,0.114,0.02,44.46999999999755
12.989999999999768,0.22351275723483063,NOMINAL,run_047,5086.0,60.51,0.4,9e-05,64.3,34.35,53.5,54.7,52.1,54.400000000000006,73.60000000000001,72.4,71.60000000000001,75.7,58.2,88.80000000000001,0.2,24.97,-3.48,0.998,0.199,0.46900000000000003,0.017,0.109,0.066,43.46999999999757
13.989999999999746,0.2413714846441042,NOMINAL,run_047,5082.0,60.46,-0.30000000000000004,0.0,64.0,34.32,52.7,53.6,54.800000000000004,54.7,73.10000000000001,71.5,74.3,72.7,58.1,88.9,0.12,24.92,-3.6,1.0,0.176,0.39,0.027,0.11,0.02,42.46999999999759
14.989999999999725,0.2592336240669949,NOMINAL,run_047,5083.0,60.34,-0.4,9e-05,63.7,34.51,54.2,54.5,54.5,53.6,73.2,71.9,72.0,72.5,59.300000000000004,88.5,0.16,24.93,-3.61,0.999,0.203,0.438,0.023,0.113,0.057,41.46999999999761
15.989999999999704,0.27709766225602844,NOMINAL,run_047,5078.0,60.300000000000004,-0.2,0.0,64.8,34.37,54.400000000000006,54.900000000000006,55.400000000000006,53.900000000000006,74.4,72.60000000000001,74.5,72.60000000000001,59.0,88.10000000000001,0.18,24.89,-3.64,0.992,0.202,0.439,0.015,0.107,0.07200000000000001,40.46999999999763
16.989999999999856,0.2949627570114482,NOMINAL,run_047,5076.0,60.44,0.4,0.0,64.7,34.4,53.7,54.900000000000006,54.300000000000004,55.2,71.8,71.5,71.5,72.8,59.6,87.80000000000001,0.23,24.900000000000002,-3.77,0.998,0.197,0.401,0.02,0.107,0.036000000000000004,39.46999999999748
17.990000000000013,0.3128284396654275,NOMINAL,run_047,5088.0,60.31,1.0,0.0,65.0,34.42,53.900000000000006,53.900000000000006,54.6,55.2,74.4,72.4,73.2,74.10000000000001,61.1,87.60000000000001,0.15,24.990000000000002,-3.62,0.993,0.198,0.464,0.022,0.11,0.051000000000000004,38.46999999999733
18.99000000000017,0.3306944494318304,NOMINAL,run_047,5079.0,60.5,0.0,0.0,64.7,34.410000000000004,54.800000000000004,53.800000000000004,55.0,55.400000000000006,70.9,71.60000000000001,73.2,73.9,60.6,87.0,0.2,24.78,-3.5500000000000003,1.0,0.218,0.504,0.021,0.127,0.07200000000000001,37.46999999999717
19.990000000000325,0.34856064120418145,NOMINAL,run_047,5076.0,60.35,0.30000000000000004,0.0,64.10000000000001,34.37,54.300000000000004,53.300000000000004,55.800000000000004,54.2,74.10000000000001,73.3,72.8,72.5,61.6,86.80000000000001,0.18,24.86,-3.7600000000000002,0.989,0.181,0.36,0.023,0.127,0.009000000000000001,36.469999999997015
20.99000000000048,0.366426934244182,NOMINAL,run_047,5094.0,60.21,0.5,0.0,64.4,34.28,54.5,54.400000000000006,53.5,54.300000000000004,73.9,71.7,72.2,71.9,62.1,86.2,0.18,24.900000000000002,-3.7,0.999,0.225,0.522,0.026000000000000002,0.123,0.083,35.46999999999686
21.990000000000638,0.38429328362900195,NOMINAL,run_047,5074.0,60.35,1.1,4e-05,65.3,34.43,54.2,54.300000000000004,55.5,55.900000000000006,73.60000000000001,73.5,73.2,73.2,61.6,86.10000000000001,0.11,24.88,-3.37,1.0,0.189,0.356,0.015,0.12,0.014,34.4699999999967
22.990000000000794,0.4021596643637249,NOMINAL,run_047,5078.0,60.35,0.1,0.0,64.5,34.38,56.2,55.2,54.5,55.7,73.2,73.4,72.10000000000001,72.0,62.400000000000006,85.5,0.25,24.89,-3.5300000000000002,1.0,0.187,0.378,0.027,0.115,0.016,33.469999999996546
23.99000000000095,0.4200260625413128,NOMINAL,run_047,5087.0,60.300000000000004,0.30000000000000004,0.0,64.9,34.52,53.800000000000004,55.900000000000006,54.5,56.2,73.7,72.9,71.5,72.60000000000001,63.400000000000006,85.0,0.16,24.990000000000002,-3.7,1.0,0.194,0.395,0.03,0.128,0.034,32.46999999999639
24.990000000001107,0.4378924704239806,NOMINAL,run_047,5092.0,60.51,-0.1,2e-05,64.5,34.410000000000004,54.900000000000006,54.900000000000006,57.0,55.300000000000004,71.0,74.5,72.4,74.2,65.4,84.9,0.22,24.88,-3.5,0.998,0.216,0.45,0.024,0.11800000000000001,0.063,31.46999999999623
25.990000000001263,0.4557588837064804,NOMINAL,run_047,5087.0,60.71,0.7000000000000001,0.0,64.4,34.36,55.6,55.300000000000004,55.800000000000004,54.5,74.8,71.60000000000001,70.60000000000001,74.9,65.60000000000001,85.80000000000001,0.2,24.98,-3.62,0.994,0.20400000000000001,0.423,0.02,0.131,0.042,30.469999999996073
26.99000000000142,0.47362529999340464,NOMINAL,run_047,5076.0,60.71,-0.2,0.0,64.8,34.37,56.400000000000006,56.1,56.300000000000004,55.300000000000004,75.0,75.10000000000001,74.7,71.5,64.9,83.7,0.17,24.95,-3.58,0.993,0.202,0.432,0.027,0.125,0.021,29.469999999995917
27.990000000001576,0.4914917179519668,NOMINAL,run_047,5087.0,60.61,0.1,0.0,64.2,34.37,55.7,55.800000000000004,56.5,56.7,69.0,72.2,74.10000000000001,71.3,66.3,84.10000000000001,0.19,24.89,-3.63,0.989,0.234,0.468,0.026000000000000002,0.13,0.079,28.46999999999576
28.990000000001732,0.5093581368406149,NOMINAL,run_047,5083.0,60.67,0.1,0.0,64.0,34.36,54.7,57.2,56.2,56.5,71.8,70.9,73.7,74.10000000000001,67.5,83.4,0.24,24.98,-3.61,0.992,0.228,0.49,0.021,0.124,0.078,27.469999999995604
29.99000000000189,0.5272245562467557,NOMINAL,run_047,5081.0,60.45,0.2,0.0,64.3,34.39,55.7,55.800000000000004,55.5,54.900000000000006,72.9,71.10000000000001,73.0,73.0,66.4,82.4,0.17,24.97,-3.65,0.998,0.202,0.386,0.027,0.135,0.009000000000000001,26.469999999995448
30.990000000002045,0.5450909759408251,NOMINAL,run_047,5081.0,60.31,-0.4,0.00011,65.0,34.36,57.6,55.2,56.300000000000004,56.6,71.8,73.0,75.8,72.8,67.8,81.9,0.17,24.86,-3.49,0.997,0.20400000000000001,0.386,0.034,0.13,0.018000000000000002,25.46999999999529
31.9900000000022,0.5629573957950961,NOMINAL,run_047,5081.0,60.39,1.0,0.0,63.900000000000006,34.32,57.1,56.900000000000006,56.7,55.400000000000006,74.0,72.9,73.3,73.60000000000001,67.7,82.0,0.19,25.01,-3.65,0.995,0.244,0.581,0.038,0.136,0.081,24.469999999995135
32.990000000002006,0.5808238157385014,NOMINAL,run_047,5089.0,60.300000000000004,0.0,0.0,65.60000000000001,34.4,55.0,56.1,55.7,57.400000000000006,74.0,72.5,71.2,74.9,69.7,83.0,0.22,24.98,-3.56,1.0,0.218,0.47500000000000003,0.028,0.135,0.052000000000000005,23.46999999999533
33.99000000000181,0.5986902357315006,NOMINAL,run_047,5087.0,60.42,-0.1,0.0,64.10000000000001,34.480000000000004,56.5,56.400000000000006,57.800000000000004,55.400000000000006,72.9,71.10000000000001,72.10000000000001,70.8,68.7,82.2,0.22,24.93,-3.63,1.0,0.251,0.551,0.023,0.135,0.092,22.46999999999553
34.99000000000161,0.6165566557520933,NOMINAL,run_047,5077.0,60.21,0.30000000000000004,0.0,63.900000000000006,34.39,56.2,55.6,55.5,57.0,73.8,71.10000000000001,72.60000000000001,71.7,70.0,81.80000000000001,0.14,24.94,-3.8000000000000003,1.0,0.23,0.385,0.026000000000000002,0.135,0.012,21.46999999999573
35.99000000000141,0.6344230757880386,NOMINAL,run_047,5085.0,60.33,0.4,2e-05,64.9,34.410000000000004,55.6,55.6,58.0,55.2,71.2,70.9,72.5,72.7,70.10000000000001,81.10000000000001,0.16,24.93,-3.66,0.993,0.217,0.419,0.027,0.14,0.016,20.469999999995927
36.99000000000121,0.6522894958325258,NOMINAL,run_047,5074.0,60.44,0.2,6.000000000000001e-05,64.4,34.34,56.5,56.900000000000006,58.6,57.6,71.7,72.60000000000001,73.10000000000001,73.5,71.9,80.60000000000001,0.26,24.92,-3.45,0.996,0.222,0.41300000000000003,0.027,0.139,0.025,19.469999999996126
37.99000000000101,0.6701559158817666,NOMINAL,run_047,5086.0,60.77,0.5,0.0,65.0,34.4,56.400000000000006,56.1,56.400000000000006,57.7,75.5,74.2,72.60000000000001,72.9,71.8,80.30000000000001,0.26,24.8,-3.7,1.0,0.219,0.406,0.033,0.15,0.038,18.469999999996325
38.99000000000081,0.6880223359336516,NOMINAL,run_047,5080.0,60.29,-0.4,2e-05,64.10000000000001,34.35,56.400000000000006,55.900000000000006,57.1,56.0,72.4,74.2,72.8,72.7,72.0,79.60000000000001,0.3,24.97,-3.66,0.999,0.245,0.5760000000000001,0.025,0.146,0.055,17.469999999996524
39.99000000000061,0.7058887559870086,NOMINAL,run_047,5076.0,60.39,-0.1,2e-05,64.10000000000001,34.39,57.6,55.5,56.5,56.7,71.7,72.7,72.0,73.10000000000001,72.60000000000001,79.2,0.25,24.92,-3.46,0.994,0.251,0.538,0.031,0.14300000000000002,0.068,16.469999999996723
40.990000000000414,0.7237551760411838,NOMINAL,run_047,5085.0,60.4,0.7000000000000001,0.0,64.0,34.32,56.1,58.2,57.5,56.6,74.10000000000001,77.5,73.0,72.2,73.4,78.2,0.22,24.95,-3.59,0.993,0.23700000000000002,0.483,0.044,0.15,0.039,15.469999999996922
41.990000000000215,0.741621596095814,NOMINAL,run_047,5085.0,60.42,0.0,1e-05,64.60000000000001,34.34,56.2,58.5,56.900000000000006,57.1,72.3,73.60000000000001,76.0,73.60000000000001,74.3,76.80000000000001,0.27,24.990000000000002,-3.66,1.0,0.234,0.439,0.023,0.149,0.023,14.469999999997121
42.990000000000016,0.7594880161506979,NOMINAL,run_047,5082.0,60.39,-0.2,0.0,64.10000000000001,34.410000000000004,57.7,57.7,56.2,57.400000000000006,73.3,71.8,73.3,76.80000000000001,74.8,77.10000000000001,0.15,24.97,-3.73,1.0,0.273,0.5670000000000001,0.025,0.14300000000000002,0.093,13.46999999999732
43.98999999999982,0.777354436205723,NOMINAL,run_047,5073.0,60.42,0.2,0.0,64.4,34.35,56.300000000000004,57.5,56.900000000000006,56.300000000000004,71.2,74.10000000000001,73.5,75.9,74.7,75.7,0.25,24.95,-3.68,0.997,0.28300000000000003,0.611,0.029,0.14100000000000001,0.1,12.469999999997519
44.98999999999962,0.7952208562608262,NOMINAL,run_047,5075.0,60.43,-0.5,0.0,64.10000000000001,34.37,56.6,57.400000000000006,57.6,56.1,74.0,75.2,72.10000000000001,73.4,74.9,76.3,0.23,24.93,-3.5300000000000002,1.0,0.272,0.5690000000000001,0.03,0.15,0.089,11.469999999997718
45.98999999999942,0.8130872763159732,NOMINAL,run_047,5087.0,60.300000000000004,-0.1,1e-05,64.3,34.32,56.300000000000004,56.2,58.800000000000004,56.7,73.9,72.3,74.4,71.2,75.3,73.8,0.18,24.93,-3.42,0.995,0.28800000000000003,0.644,0.034,0.153,0.091,10.469999999997917
46.98999999999922,0.8309536963711452,NOMINAL,run_047,5075.0,60.370000000000005,0.4,0.00016,63.7,34.4,55.900000000000006,58.5,57.800000000000004,56.900000000000006,72.7,74.4,75.3,70.10000000000001,75.8,72.4,0.22,24.96,-3.5500000000000003,0.988,0.267,0.528,0.03,0.14300000000000002,0.074,9.469999999998116
47.98999999999902,0.8488201164263305,NOMINAL,run_047,5080.0,60.63,0.2,0.0,64.2,34.37,57.900000000000006,58.1,57.6,56.800000000000004,71.3,73.0,73.9,76.80000000000001,76.80000000000001,72.5,0.22,24.93,-3.62,0.997,0.293,0.644,0.025,0.154,0.089,8.469999999998315
48.98999999999882,0.8666865364815208,NOMINAL,run_047,5081.0,60.31,0.4,0.0,65.5,34.4,55.7,57.5,56.5,57.6,75.2,70.9,73.5,73.7,77.2,72.0,0.2,24.95,-3.67,0.994,0.248,0.418,0.03,0.154,0.024,7.469999999998514
49.98999999999862,0.8845529565367194,NOMINAL,run_047,5076.0,60.14,0.6000000000000001,3.0000000000000004e-05,64.9,34.37,56.5,56.400000000000006,57.5,57.400000000000006,71.3,73.0,72.10000000000001,71.3,77.2,70.2,0.21,24.97,-3.65,0.998,0.244,0.447,0.032,0.156,0.026000000000000002,6.469999999998713
50.989999999998425,0.9024193765919208,NOMINAL,run_047,5091.0,60.46,-0.2,8e-05,64.7,34.46,60.2,57.300000000000004,56.300000000000004,56.5,72.9,72.0,72.4,72.0,78.4,70.0,0.27,24.95,-3.59,0.995,0.261,0.506,0.028,0.159,0.036000000000000004,5.469999999998912
51.989999999998226,0.9202857966471223,NOMINAL,run_047,5073.0,60.370000000000005,-0.30000000000000004,2e-05,64.8,34.35,58.0,56.800000000000004,57.800000000000004,57.800000000000004,71.8,73.5,74.4,74.60000000000001,79.10000000000001,69.10000000000001,0.2,24.96,-3.63,1.0,0.296,0.653,0.031,0.154,0.106,4.469999999999111
52.98999999999803,0.9381522167023237,NOMINAL,run_047,5088.0,60.34,0.1,2e-05,64.5,34.43,57.0,57.1,58.7,57.1,74.8,72.10000000000001,76.4,72.9,78.5,67.8,0.26,24.95,-3.5100000000000002,1.0,0.28600000000000003,0.63,0.029,0.156,0.079,3.4699999999993096
53.98999999999783,0.9560186367575252,NOMINAL,run_047,5078.0,60.06,-0.4,4e-05,64.7,34.34,57.400000000000006,57.0,56.0,57.6,73.2,72.2,74.4,74.7,80.30000000000001,67.9,0.24,24.89,-3.71,0.99,0.28500000000000003,0.604,0.029,0.168,0.068,2.4699999999995086
54.98999999999763,0.9738850568127266,NOMINAL,run_047,5084.0,60.36,0.5,0.0,64.2,34.39,56.0,58.300000000000004,57.7,57.0,73.8,72.2,75.8,70.9,79.60000000000001,66.2,0.21,24.810000000000002,-3.65,0.996,0.25,0.459,0.026000000000000002,0.16,0.005,1.4699999999997075
55.98999999999743,0.9917514768679281,NOMINAL,run_047,5079.0,60.13,0.0,1e-05,64.2,34.36,57.1,58.0,59.0,56.900000000000006,74.0,73.3,74.8,73.60000000000001,80.9,66.2,0.2,24.990000000000002,-3.56,0.995,0.25,0.46,0.043000000000000003,0.159,0.024,0.4699999999999065
56.459999999997336,1.0001486942938727,NOMINAL,run_047,6.0,0.0,-4.5,0.0,0.7000000000000001,0.0,-4.9,-5.0,-5.5,-7.1000000000000005,-5.7,-6.300000000000001,-5.9,-2.6,-4.800000000000001,0.8,0.0,24.87,0.0,0.994,0.0,0.0,0.005,0.004,0.0,0.0
