case,route,condition,expected_ml,actual_ml,thermal_condition,result
1,Delhi -> Jaipur,Healthy,NORMAL,NORMAL,NORMAL,PASS
2,Delhi -> Jaipur,Cooling Degradation,COOLING_DEGRADATION,COOLING_DEGRADATION,NORMAL,PASS
3,Delhi -> Jaipur,Low Oil Pressure,OIL_PRESSURE_DEGRADATION,OIL_PRESSURE_DEGRADATION,NORMAL,PASS
4,Delhi -> Jaipur,Excessive Vibration,EXCESSIVE_VIBRATION,EXCESSIVE_VIBRATION,NORMAL,PASS
5,Delhi -> Jaipur,Sensor Drift,SENSOR_DRIFT,SENSOR_DRIFT,NORMAL,PASS
6,Delhi -> Jaipur,Misfire,MISFIRE,MISFIRE,NORMAL,PASS
7,Delhi -> Jaipur -> Jodhpur,Healthy,NORMAL,NORMAL,NORMAL,PASS
8,Delhi -> Jaipur -> Jodhpur,Cooling Degradation,COOLING_DEGRADATION,COOLING_DEGRADATION,NORMAL,PASS
9,Delhi -> Jaipur -> Jodhpur,Low Oil Pressure,OIL_PRESSURE_DEGRADATION,OIL_PRESSURE_DEGRADATION,NORMAL,PASS
10,Delhi -> Jaipur -> Jodhpur,Excessive Vibration,EXCESSIVE_VIBRATION,EXCESSIVE_VIBRATION,NORMAL,PASS
11,Delhi -> Jaipur -> Jodhpur,Sensor Drift,SENSOR_DRIFT,SENSOR_DRIFT,NORMAL,PASS
12,Delhi -> Jaipur -> Jodhpur,Misfire,MISFIRE,MISFIRE,NORMAL,PASS
13,Delhi -> Jaipur -> Ahmedabad,Healthy,NORMAL,NORMAL,NORMAL,PASS
14,Delhi -> Jaipur -> Ahmedabad,Cooling Degradation,COOLING_DEGRADATION,COOLING_DEGRADATION,NORMAL,PASS
15,Delhi -> Jaipur -> Ahmedabad,Low Oil Pressure,OIL_PRESSURE_DEGRADATION,OIL_PRESSURE_DEGRADATION,NORMAL,PASS
16,Delhi -> Jaipur -> Ahmedabad,Excessive Vibration,EXCESSIVE_VIBRATION,EXCESSIVE_VIBRATION,NORMAL,PASS
17,Delhi -> Jaipur -> Ahmedabad,Sensor Drift,SENSOR_DRIFT,SENSOR_DRIFT,NORMAL,PASS
18,Delhi -> Jaipur -> Ahmedabad,Misfire,MISFIRE,MISFIRE,NORMAL,PASS
19,Delhi -> Jaipur -> Mumbai,Healthy,NORMAL,NORMAL,NORMAL,PASS
20,Delhi -> Jaipur -> Mumbai,Cooling Degradation,COOLING_DEGRADATION,COOLING_DEGRADATION,NORMAL,PASS
21,Delhi -> Jaipur -> Mumbai,Low Oil Pressure,OIL_PRESSURE_DEGRADATION,OIL_PRESSURE_DEGRADATION,NORMAL,PASS
22,Delhi -> Jaipur -> Mumbai,Excessive Vibration,EXCESSIVE_VIBRATION,EXCESSIVE_VIBRATION,NORMAL,PASS
23,Delhi -> Jaipur -> Mumbai,Sensor Drift,SENSOR_DRIFT,SENSOR_DRIFT,NORMAL,PASS
24,Delhi -> Jaipur -> Mumbai,Misfire,MISFIRE,MISFIRE,NORMAL,PASS
25,Delhi -> Jodhpur -> Jaipur,Healthy,NORMAL,NORMAL,NORMAL,PASS
26,Delhi -> Jodhpur -> Jaipur,Cooling Degradation,COOLING_DEGRADATION,COOLING_DEGRADATION,NORMAL,PASS
27,Delhi -> Jodhpur -> Jaipur,Low Oil Pressure,OIL_PRESSURE_DEGRADATION,OIL_PRESSURE_DEGRADATION,NORMAL,PASS
28,Delhi -> Jodhpur -> Jaipur,Excessive Vibration,EXCESSIVE_VIBRATION,EXCESSIVE_VIBRATION,NORMAL,PASS
29,Delhi -> Jodhpur -> Jaipur,Sensor Drift,SENSOR_DRIFT,SENSOR_DRIFT,NORMAL,PASS
30,Delhi -> Jodhpur -> Jaipur,Misfire,MISFIRE,MISFIRE,NORMAL,PASS
31,Delhi -> Jodhpur,Healthy,NORMAL,NORMAL,NORMAL,PASS
32,Delhi -> Jodhpur,Cooling Degradation,COOLING_DEGRADATION,COOLING_DEGRADATION,NORMAL,PASS
33,Delhi -> Jodhpur,Low Oil Pressure,OIL_PRESSURE_DEGRADATION,OIL_PRESSURE_DEGRADATION,NORMAL,PASS
34,Delhi -> Jodhpur,Excessive Vibration,EXCESSIVE_VIBRATION,EXCESSIVE_VIBRATION,NORMAL,PASS
35,Delhi -> Jodhpur,Sensor Drift,SENSOR_DRIFT,SENSOR_DRIFT,NORMAL,PASS
36,Delhi -> Jodhpur,Misfire,MISFIRE,MISFIRE,NORMAL,PASS
37,Delhi -> Jodhpur -> Ahmedabad,Healthy,NORMAL,NORMAL,NORMAL,PASS
38,Delhi -> Jodhpur -> Ahmedabad,Cooling Degradation,COOLING_DEGRADATION,COOLING_DEGRADATION,NORMAL,PASS
39,Delhi -> Jodhpur -> Ahmedabad,Low Oil Pressure,OIL_PRESSURE_DEGRADATION,OIL_PRESSURE_DEGRADATION,NORMAL,PASS
40,Delhi -> Jodhpur -> Ahmedabad,Excessive Vibration,EXCESSIVE_VIBRATION,EXCESSIVE_VIBRATION,NORMAL,PASS
41,Delhi -> Jodhpur -> Ahmedabad,Sensor Drift,SENSOR_DRIFT,SENSOR_DRIFT,NORMAL,PASS
42,Delhi -> Jodhpur -> Ahmedabad,Misfire,MISFIRE,MISFIRE,NORMAL,PASS
43,Delhi -> Jodhpur -> Mumbai,Healthy,NORMAL,NORMAL,NORMAL,PASS
44,Delhi -> Jodhpur -> Mumbai,Cooling Degradation,COOLING_DEGRADATION,COOLING_DEGRADATION,NORMAL,PASS
45,Delhi -> Jodhpur -> Mumbai,Low Oil Pressure,OIL_PRESSURE_DEGRADATION,OIL_PRESSURE_DEGRADATION,NORMAL,PASS
46,Delhi -> Jodhpur -> Mumbai,Excessive Vibration,EXCESSIVE_VIBRATION,EXCESSIVE_VIBRATION,NORMAL,PASS
47,Delhi -> Jodhpur -> Mumbai,Sensor Drift,SENSOR_DRIFT,SENSOR_DRIFT,NORMAL,PASS
48,Delhi -> Jodhpur -> Mumbai,Misfire,MISFIRE,MISFIRE,NORMAL,PASS
49,Delhi -> Ahmedabad -> Jaipur,Healthy,NORMAL,NORMAL,NORMAL,PASS
50,Delhi -> Ahmedabad -> Jaipur,Cooling Degradation,COOLING_DEGRADATION,COOLING_DEGRADATION,NORMAL,PASS
51,Delhi -> Ahmedabad -> Jaipur,Low Oil Pressure,OIL_PRESSURE_DEGRADATION,OIL_PRESSURE_DEGRADATION,NORMAL,PASS
52,Delhi -> Ahmedabad -> Jaipur,Excessive Vibration,EXCESSIVE_VIBRATION,EXCESSIVE_VIBRATION,NORMAL,PASS
53,Delhi -> Ahmedabad -> Jaipur,Sensor Drift,SENSOR_DRIFT,SENSOR_DRIFT,NORMAL,PASS
54,Delhi -> Ahmedabad -> Jaipur,Misfire,MISFIRE,MISFIRE,NORMAL,PASS
55,Delhi -> Ahmedabad -> Jodhpur,Healthy,NORMAL,NORMAL,NORMAL,PASS
56,Delhi -> Ahmedabad -> Jodhpur,Cooling Degradation,COOLING_DEGRADATION,COOLING_DEGRADATION,NORMAL,PASS
57,Delhi -> Ahmedabad -> Jodhpur,Low Oil Pressure,OIL_PRESSURE_DEGRADATION,OIL_PRESSURE_DEGRADATION,NORMAL,PASS
58,Delhi -> Ahmedabad -> Jodhpur,Excessive Vibration,EXCESSIVE_VIBRATION,EXCESSIVE_VIBRATION,NORMAL,PASS
59,Delhi -> Ahmedabad -> Jodhpur,Sensor Drift,SENSOR_DRIFT,SENSOR_DRIFT,NORMAL,PASS
60,Delhi -> Ahmedabad -> Jodhpur,Misfire,MISFIRE,MISFIRE,NORMAL,PASS
61,Delhi -> Ahmedabad,Healthy,NORMAL,NORMAL,NORMAL,PASS
62,Delhi -> Ahmedabad,Cooling Degradation,COOLING_DEGRADATION,COOLING_DEGRADATION,NORMAL,PASS
63,Delhi -> Ahmedabad,Low Oil Pressure,OIL_PRESSURE_DEGRADATION,OIL_PRESSURE_DEGRADATION,NORMAL,PASS
64,Delhi -> Ahmedabad,Excessive Vibration,EXCESSIVE_VIBRATION,EXCESSIVE_VIBRATION,NORMAL,PASS
65,Delhi -> Ahmedabad,Sensor Drift,SENSOR_DRIFT,SENSOR_DRIFT,NORMAL,PASS
66,Delhi -> Ahmedabad,Misfire,MISFIRE,MISFIRE,NORMAL,PASS
67,Delhi -> Ahmedabad -> Mumbai,Healthy,NORMAL,NORMAL,NORMAL,PASS
68,Delhi -> Ahmedabad -> Mumbai,Cooling Degradation,COOLING_DEGRADATION,COOLING_DEGRADATION,NORMAL,PASS
69,Delhi -> Ahmedabad -> Mumbai,Low Oil Pressure,OIL_PRESSURE_DEGRADATION,OIL_PRESSURE_DEGRADATION,NORMAL,PASS
70,Delhi -> Ahmedabad -> Mumbai,Excessive Vibration,EXCESSIVE_VIBRATION,EXCESSIVE_VIBRATION,NORMAL,PASS
71,Delhi -> Ahmedabad -> Mumbai,Sensor Drift,SENSOR_DRIFT,SENSOR_DRIFT,NORMAL,PASS
72,Delhi -> Ahmedabad -> Mumbai,Misfire,MISFIRE,MISFIRE,NORMAL,PASS
73,Delhi -> Mumbai -> Jaipur,Healthy,NORMAL,NORMAL,NORMAL,PASS
74,Delhi -> Mumbai -> Jaipur,Cooling Degradation,COOLING_DEGRADATION,COOLING_DEGRADATION,NORMAL,PASS
75,Delhi -> Mumbai -> Jaipur,Low Oil Pressure,OIL_PRESSURE_DEGRADATION,OIL_PRESSURE_DEGRADATION,NORMAL,PASS
76,Delhi -> Mumbai -> Jaipur,Excessive Vibration,EXCESSIVE_VIBRATION,EXCESSIVE_VIBRATION,NORMAL,PASS
77,Delhi -> Mumbai -> Jaipur,Sensor Drift,SENSOR_DRIFT,SENSOR_DRIFT,NORMAL,PASS
78,Delhi -> Mumbai -> Jaipur,Misfire,MISFIRE,MISFIRE,NORMAL,PASS
79,Delhi -> Mumbai -> Jodhpur,Healthy,NORMAL,NORMAL,NORMAL,PASS
80,Delhi -> Mumbai -> Jodhpur,Cooling Degradation,COOLING_DEGRADATION,COOLING_DEGRADATION,NORMAL,PASS
81,Delhi -> Mumbai -> Jodhpur,Low Oil Pressure,OIL_PRESSURE_DEGRADATION,OIL_PRESSURE_DEGRADATION,NORMAL,PASS
82,Delhi -> Mumbai -> Jodhpur,Excessive Vibration,EXCESSIVE_VIBRATION,EXCESSIVE_VIBRATION,NORMAL,PASS
83,Delhi -> Mumbai -> Jodhpur,Sensor Drift,SENSOR_DRIFT,SENSOR_DRIFT,NORMAL,PASS
84,Delhi -> Mumbai -> Jodhpur,Misfire,MISFIRE,MISFIRE,NORMAL,PASS
85,Delhi -> Mumbai -> Ahmedabad,Healthy,NORMAL,NORMAL,NORMAL,PASS
86,Delhi -> Mumbai -> Ahmedabad,Cooling Degradation,COOLING_DEGRADATION,COOLING_DEGRADATION,NORMAL,PASS
87,Delhi -> Mumbai -> Ahmedabad,Low Oil Pressure,OIL_PRESSURE_DEGRADATION,OIL_PRESSURE_DEGRADATION,NORMAL,PASS
88,Delhi -> Mumbai -> Ahmedabad,Excessive Vibration,EXCESSIVE_VIBRATION,EXCESSIVE_VIBRATION,NORMAL,PASS
89,Delhi -> Mumbai -> Ahmedabad,Sensor Drift,SENSOR_DRIFT,SENSOR_DRIFT,NORMAL,PASS
90,Delhi -> Mumbai -> Ahmedabad,Misfire,MISFIRE,MISFIRE,NORMAL,PASS
91,Delhi -> Mumbai,Healthy,NORMAL,NORMAL,NORMAL,PASS
92,Delhi -> Mumbai,Cooling Degradation,COOLING_DEGRADATION,COOLING_DEGRADATION,NORMAL,PASS
93,Delhi -> Mumbai,Low Oil Pressure,OIL_PRESSURE_DEGRADATION,OIL_PRESSURE_DEGRADATION,NORMAL,PASS
94,Delhi -> Mumbai,Excessive Vibration,EXCESSIVE_VIBRATION,EXCESSIVE_VIBRATION,NORMAL,PASS
95,Delhi -> Mumbai,Sensor Drift,SENSOR_DRIFT,SENSOR_DRIFT,NORMAL,PASS
96,Delhi -> Mumbai,Misfire,MISFIRE,MISFIRE,NORMAL,PASS
97,Jaipur -> Jodhpur,Healthy,NORMAL,NORMAL,NORMAL,PASS
98,Jaipur -> Jodhpur,Cooling Degradation,COOLING_DEGRADATION,COOLING_DEGRADATION,NORMAL,PASS
99,Jaipur -> Jodhpur,Low Oil Pressure,OIL_PRESSURE_DEGRADATION,OIL_PRESSURE_DEGRADATION,NORMAL,PASS
100,Jaipur -> Jodhpur,Excessive Vibration,EXCESSIVE_VIBRATION,EXCESSIVE_VIBRATION,NORMAL,PASS
101,Jaipur -> Jodhpur,Sensor Drift,SENSOR_DRIFT,SENSOR_DRIFT,NORMAL,PASS
102,Jaipur -> Jodhpur,Misfire,MISFIRE,MISFIRE,NORMAL,PASS
103,Jaipur -> Ahmedabad,Healthy,NORMAL,NORMAL,NORMAL,PASS
104,Jaipur -> Ahmedabad,Cooling Degradation,COOLING_DEGRADATION,COOLING_DEGRADATION,NORMAL,PASS
105,Jaipur -> Ahmedabad,Low Oil Pressure,OIL_PRESSURE_DEGRADATION,OIL_PRESSURE_DEGRADATION,NORMAL,PASS
106,Jaipur -> Ahmedabad,Excessive Vibration,EXCESSIVE_VIBRATION,EXCESSIVE_VIBRATION,NORMAL,PASS
107,Jaipur -> Ahmedabad,Sensor Drift,SENSOR_DRIFT,SENSOR_DRIFT,NORMAL,PASS
108,Jaipur -> Ahmedabad,Misfire,MISFIRE,MISFIRE,NORMAL,PASS
109,Jaipur -> Mumbai,Healthy,NORMAL,NORMAL,NORMAL,PASS
110,Jaipur -> Mumbai,Cooling Degradation,COOLING_DEGRADATION,COOLING_DEGRADATION,NORMAL,PASS
111,Jaipur -> Mumbai,Low Oil Pressure,OIL_PRESSURE_DEGRADATION,OIL_PRESSURE_DEGRADATION,NORMAL,PASS
112,Jaipur -> Mumbai,Excessive Vibration,EXCESSIVE_VIBRATION,EXCESSIVE_VIBRATION,NORMAL,PASS
113,Jaipur -> Mumbai,Sensor Drift,SENSOR_DRIFT,SENSOR_DRIFT,NORMAL,PASS
114,Jaipur -> Mumbai,Misfire,MISFIRE,MISFIRE,NORMAL,PASS
115,Jaipur -> Delhi,Healthy,NORMAL,NORMAL,NORMAL,PASS
116,Jaipur -> Delhi,Cooling Degradation,COOLING_DEGRADATION,COOLING_DEGRADATION,NORMAL,PASS
117,Jaipur -> Delhi,Low Oil Pressure,OIL_PRESSURE_DEGRADATION,OIL_PRESSURE_DEGRADATION,NORMAL,PASS
118,Jaipur -> Delhi,Excessive Vibration,EXCESSIVE_VIBRATION,EXCESSIVE_VIBRATION,NORMAL,PASS
119,Jaipur -> Delhi,Sensor Drift,SENSOR_DRIFT,SENSOR_DRIFT,NORMAL,PASS
120,Jaipur -> Delhi,Misfire,MISFIRE,MISFIRE,NORMAL,PASS
121,Jaipur -> Jodhpur -> Ahmedabad,Healthy,NORMAL,NORMAL,NORMAL,PASS
122,Jaipur -> Jodhpur -> Ahmedabad,Cooling Degradation,COOLING_DEGRADATION,COOLING_DEGRADATION,NORMAL,PASS
123,Jaipur -> Jodhpur -> Ahmedabad,Low Oil Pressure,OIL_PRESSURE_DEGRADATION,OIL_PRESSURE_DEGRADATION,NORMAL,PASS
124,Jaipur -> Jodhpur -> Ahmedabad,Excessive Vibration,EXCESSIVE_VIBRATION,EXCESSIVE_VIBRATION,NORMAL,PASS
125,Jaipur -> Jodhpur -> Ahmedabad,Sensor Drift,SENSOR_DRIFT,SENSOR_DRIFT,NORMAL,PASS
126,Jaipur -> Jodhpur -> Ahmedabad,Misfire,MISFIRE,MISFIRE,NORMAL,PASS
127,Jaipur -> Jodhpur -> Mumbai,Healthy,NORMAL,NORMAL,NORMAL,PASS
128,Jaipur -> Jodhpur -> Mumbai,Cooling Degradation,COOLING_DEGRADATION,COOLING_DEGRADATION,NORMAL,PASS
129,Jaipur -> Jodhpur -> Mumbai,Low Oil Pressure,OIL_PRESSURE_DEGRADATION,OIL_PRESSURE_DEGRADATION,NORMAL,PASS
130,Jaipur -> Jodhpur -> Mumbai,Excessive Vibration,EXCESSIVE_VIBRATION,EXCESSIVE_VIBRATION,NORMAL,PASS
131,Jaipur -> Jodhpur -> Mumbai,Sensor Drift,SENSOR_DRIFT,SENSOR_DRIFT,NORMAL,PASS
132,Jaipur -> Jodhpur -> Mumbai,Misfire,MISFIRE,MISFIRE,NORMAL,PASS
133,Jaipur -> Jodhpur -> Delhi,Healthy,NORMAL,NORMAL,NORMAL,PASS
134,Jaipur -> Jodhpur -> Delhi,Cooling Degradation,COOLING_DEGRADATION,COOLING_DEGRADATION,NORMAL,PASS
135,Jaipur -> Jodhpur -> Delhi,Low Oil Pressure,OIL_PRESSURE_DEGRADATION,OIL_PRESSURE_DEGRADATION,NORMAL,PASS
136,Jaipur -> Jodhpur -> Delhi,Excessive Vibration,EXCESSIVE_VIBRATION,EXCESSIVE_VIBRATION,NORMAL,PASS
137,Jaipur -> Jodhpur -> Delhi,Sensor Drift,SENSOR_DRIFT,SENSOR_DRIFT,NORMAL,PASS
138,Jaipur -> Jodhpur -> Delhi,Misfire,MISFIRE,MISFIRE,NORMAL,PASS
139,Jaipur -> Ahmedabad -> Jodhpur,Healthy,NORMAL,NORMAL,NORMAL,PASS
140,Jaipur -> Ahmedabad -> Jodhpur,Cooling Degradation,COOLING_DEGRADATION,COOLING_DEGRADATION,NORMAL,PASS
141,Jaipur -> Ahmedabad -> Jodhpur,Low Oil Pressure,OIL_PRESSURE_DEGRADATION,OIL_PRESSURE_DEGRADATION,NORMAL,PASS
142,Jaipur -> Ahmedabad -> Jodhpur,Excessive Vibration,EXCESSIVE_VIBRATION,EXCESSIVE_VIBRATION,NORMAL,PASS
143,Jaipur -> Ahmedabad -> Jodhpur,Sensor Drift,SENSOR_DRIFT,SENSOR_DRIFT,NORMAL,PASS
144,Jaipur -> Ahmedabad -> Jodhpur,Misfire,MISFIRE,MISFIRE,NORMAL,PASS
145,Jaipur -> Ahmedabad -> Mumbai,Healthy,NORMAL,NORMAL,NORMAL,PASS
146,Jaipur -> Ahmedabad -> Mumbai,Cooling Degradation,COOLING_DEGRADATION,COOLING_DEGRADATION,NORMAL,PASS
147,Jaipur -> Ahmedabad -> Mumbai,Low Oil Pressure,OIL_PRESSURE_DEGRADATION,OIL_PRESSURE_DEGRADATION,NORMAL,PASS
148,Jaipur -> Ahmedabad -> Mumbai,Excessive Vibration,EXCESSIVE_VIBRATION,EXCESSIVE_VIBRATION,NORMAL,PASS
149,Jaipur -> Ahmedabad -> Mumbai,Sensor Drift,SENSOR_DRIFT,SENSOR_DRIFT,NORMAL,PASS
150,Jaipur -> Ahmedabad -> Mumbai,Misfire,MISFIRE,MISFIRE,NORMAL,PASS
151,Jaipur -> Ahmedabad -> Delhi,Healthy,NORMAL,NORMAL,NORMAL,PASS
152,Jaipur -> Ahmedabad -> Delhi,Cooling Degradation,COOLING_DEGRADATION,COOLING_DEGRADATION,NORMAL,PASS
153,Jaipur -> Ahmedabad -> Delhi,Low Oil Pressure,OIL_PRESSURE_DEGRADATION,OIL_PRESSURE_DEGRADATION,NORMAL,PASS
154,Jaipur -> Ahmedabad -> Delhi,Excessive Vibration,EXCESSIVE_VIBRATION,EXCESSIVE_VIBRATION,NORMAL,PASS
155,Jaipur -> Ahmedabad -> Delhi,Sensor Drift,SENSOR_DRIFT,SENSOR_DRIFT,NORMAL,PASS
156,Jaipur -> Ahmedabad -> Delhi,Misfire,MISFIRE,MISFIRE,NORMAL,PASS
157,Jaipur -> Mumbai -> Jodhpur,Healthy,NORMAL,NORMAL,NORMAL,PASS
158,Jaipur -> Mumbai -> Jodhpur,Cooling Degradation,COOLING_DEGRADATION,COOLING_DEGRADATION,NORMAL,PASS
159,Jaipur -> Mumbai -> Jodhpur,Low Oil Pressure,OIL_PRESSURE_DEGRADATION,OIL_PRESSURE_DEGRADATION,NORMAL,PASS
160,Jaipur -> Mumbai -> Jodhpur,Excessive Vibration,EXCESSIVE_VIBRATION,EXCESSIVE_VIBRATION,NORMAL,PASS
161,Jaipur -> Mumbai -> Jodhpur,Sensor Drift,SENSOR_DRIFT,SENSOR_DRIFT,NORMAL,PASS
162,Jaipur -> Mumbai -> Jodhpur,Misfire,MISFIRE,MISFIRE,NORMAL,PASS
163,Jaipur -> Mumbai -> Ahmedabad,Healthy,NORMAL,NORMAL,NORMAL,PASS
164,Jaipur -> Mumbai -> Ahmedabad,Cooling Degradation,COOLING_DEGRADATION,COOLING_DEGRADATION,NORMAL,PASS
165,Jaipur -> Mumbai -> Ahmedabad,Low Oil Pressure,OIL_PRESSURE_DEGRADATION,OIL_PRESSURE_DEGRADATION,NORMAL,PASS
166,Jaipur -> Mumbai -> Ahmedabad,Excessive Vibration,EXCESSIVE_VIBRATION,EXCESSIVE_VIBRATION,NORMAL,PASS
167,Jaipur -> Mumbai -> Ahmedabad,Sensor Drift,SENSOR_DRIFT,SENSOR_DRIFT,NORMAL,PASS
168,Jaipur -> Mumbai -> Ahmedabad,Misfire,MISFIRE,MISFIRE,NORMAL,PASS
169,Jaipur -> Mumbai -> Delhi,Healthy,NORMAL,NORMAL,NORMAL,PASS
170,Jaipur -> Mumbai -> Delhi,Cooling Degradation,COOLING_DEGRADATION,COOLING_DEGRADATION,NORMAL,PASS
171,Jaipur -> Mumbai -> Delhi,Low Oil Pressure,OIL_PRESSURE_DEGRADATION,OIL_PRESSURE_DEGRADATION,NORMAL,PASS
172,Jaipur -> Mumbai -> Delhi,Excessive Vibration,EXCESSIVE_VIBRATION,EXCESSIVE_VIBRATION,NORMAL,PASS
173,Jaipur -> Mumbai -> Delhi,Sensor Drift,SENSOR_DRIFT,SENSOR_DRIFT,NORMAL,PASS
174,Jaipur -> Mumbai -> Delhi,Misfire,MISFIRE,MISFIRE,NORMAL,PASS
175,Jodhpur -> Jaipur,Healthy,NORMAL,NORMAL,NORMAL,PASS
176,Jodhpur -> Jaipur,Cooling Degradation,COOLING_DEGRADATION,COOLING_DEGRADATION,NORMAL,PASS
177,Jodhpur -> Jaipur,Low Oil Pressure,OIL_PRESSURE_DEGRADATION,OIL_PRESSURE_DEGRADATION,NORMAL,PASS
178,Jodhpur -> Jaipur,Excessive Vibration,EXCESSIVE_VIBRATION,EXCESSIVE_VIBRATION,NORMAL,PASS
179,Jodhpur -> Jaipur,Sensor Drift,SENSOR_DRIFT,SENSOR_DRIFT,NORMAL,PASS
180,Jodhpur -> Jaipur,Misfire,MISFIRE,MISFIRE,NORMAL,PASS
181,Jodhpur -> Jaipur -> Ahmedabad,Healthy,NORMAL,NORMAL,NORMAL,PASS
182,Jodhpur -> Jaipur -> Ahmedabad,Cooling Degradation,COOLING_DEGRADATION,COOLING_DEGRADATION,NORMAL,PASS
183,Jodhpur -> Jaipur -> Ahmedabad,Low Oil Pressure,OIL_PRESSURE_DEGRADATION,OIL_PRESSURE_DEGRADATION,NORMAL,PASS
184,Jodhpur -> Jaipur -> Ahmedabad,Excessive Vibration,EXCESSIVE_VIBRATION,EXCESSIVE_VIBRATION,NORMAL,PASS
185,Jodhpur -> Jaipur -> Ahmedabad,Sensor Drift,SENSOR_DRIFT,SENSOR_DRIFT,NORMAL,PASS
186,Jodhpur -> Jaipur -> Ahmedabad,Misfire,MISFIRE,MISFIRE,NORMAL,PASS
187,Jodhpur -> Jaipur -> Mumbai,Healthy,NORMAL,NORMAL,NORMAL,PASS
188,Jodhpur -> Jaipur -> Mumbai,Cooling Degradation,COOLING_DEGRADATION,COOLING_DEGRADATION,NORMAL,PASS
189,Jodhpur -> Jaipur -> Mumbai,Low Oil Pressure,OIL_PRESSURE_DEGRADATION,OIL_PRESSURE_DEGRADATION,NORMAL,PASS
190,Jodhpur -> Jaipur -> Mumbai,Excessive Vibration,EXCESSIVE_VIBRATION,EXCESSIVE_VIBRATION,NORMAL,PASS
191,Jodhpur -> Jaipur -> Mumbai,Sensor Drift,SENSOR_DRIFT,SENSOR_DRIFT,NORMAL,PASS
192,Jodhpur -> Jaipur -> Mumbai,Misfire,MISFIRE,MISFIRE,NORMAL,PASS
193,Jodhpur -> Jaipur -> Delhi,Healthy,NORMAL,NORMAL,NORMAL,PASS
194,Jodhpur -> Jaipur -> Delhi,Cooling Degradation,COOLING_DEGRADATION,COOLING_DEGRADATION,NORMAL,PASS
195,Jodhpur -> Jaipur -> Delhi,Low Oil Pressure,OIL_PRESSURE_DEGRADATION,OIL_PRESSURE_DEGRADATION,NORMAL,PASS
196,Jodhpur -> Jaipur -> Delhi,Excessive Vibration,EXCESSIVE_VIBRATION,EXCESSIVE_VIBRATION,NORMAL,PASS
197,Jodhpur -> Jaipur -> Delhi,Sensor Drift,SENSOR_DRIFT,SENSOR_DRIFT,NORMAL,PASS
198,Jodhpur -> Jaipur -> Delhi,Misfire,MISFIRE,MISFIRE,NORMAL,PASS
199,Jodhpur -> Ahmedabad,Healthy,NORMAL,NORMAL,NORMAL,PASS
200,Jodhpur -> Ahmedabad,Cooling Degradation,COOLING_DEGRADATION,COOLING_DEGRADATION,NORMAL,PASS
201,Jodhpur -> Ahmedabad,Low Oil Pressure,OIL_PRESSURE_DEGRADATION,OIL_PRESSURE_DEGRADATION,NORMAL,PASS
202,Jodhpur -> Ahmedabad,Excessive Vibration,EXCESSIVE_VIBRATION,EXCESSIVE_VIBRATION,NORMAL,PASS
203,Jodhpur -> Ahmedabad,Sensor Drift,SENSOR_DRIFT,SENSOR_DRIFT,NORMAL,PASS
204,Jodhpur -> Ahmedabad,Misfire,MISFIRE,MISFIRE,NORMAL,PASS
205,Jodhpur -> Mumbai,Healthy,NORMAL,NORMAL,NORMAL,PASS
206,Jodhpur -> Mumbai,Cooling Degradation,COOLING_DEGRADATION,COOLING_DEGRADATION,NORMAL,PASS
207,Jodhpur -> Mumbai,Low Oil Pressure,OIL_PRESSURE_DEGRADATION,OIL_PRESSURE_DEGRADATION,NORMAL,PASS
208,Jodhpur -> Mumbai,Excessive Vibration,EXCESSIVE_VIBRATION,EXCESSIVE_VIBRATION,NORMAL,PASS
209,Jodhpur -> Mumbai,Sensor Drift,SENSOR_DRIFT,SENSOR_DRIFT,NORMAL,PASS
210,Jodhpur -> Mumbai,Misfire,MISFIRE,MISFIRE,NORMAL,PASS
211,Jodhpur -> Delhi,Healthy,NORMAL,NORMAL,NORMAL,PASS
212,Jodhpur -> Delhi,Cooling Degradation,COOLING_DEGRADATION,COOLING_DEGRADATION,NORMAL,PASS
213,Jodhpur -> Delhi,Low Oil Pressure,OIL_PRESSURE_DEGRADATION,OIL_PRESSURE_DEGRADATION,NORMAL,PASS
214,Jodhpur -> Delhi,Excessive Vibration,EXCESSIVE_VIBRATION,EXCESSIVE_VIBRATION,NORMAL,PASS
215,Jodhpur -> Delhi,Sensor Drift,SENSOR_DRIFT,SENSOR_DRIFT,NORMAL,PASS
216,Jodhpur -> Delhi,Misfire,MISFIRE,MISFIRE,NORMAL,PASS
217,Jodhpur -> Ahmedabad -> Jaipur,Healthy,NORMAL,NORMAL,NORMAL,PASS
218,Jodhpur -> Ahmedabad -> Jaipur,Cooling Degradation,COOLING_DEGRADATION,COOLING_DEGRADATION,NORMAL,PASS
219,Jodhpur -> Ahmedabad -> Jaipur,Low Oil Pressure,OIL_PRESSURE_DEGRADATION,OIL_PRESSURE_DEGRADATION,NORMAL,PASS
220,Jodhpur -> Ahmedabad -> Jaipur,Excessive Vibration,EXCESSIVE_VIBRATION,EXCESSIVE_VIBRATION,NORMAL,PASS
221,Jodhpur -> Ahmedabad -> Jaipur,Sensor Drift,SENSOR_DRIFT,SENSOR_DRIFT,NORMAL,PASS
222,Jodhpur -> Ahmedabad -> Jaipur,Misfire,MISFIRE,MISFIRE,NORMAL,PASS
223,Jodhpur -> Ahmedabad -> Mumbai,Healthy,NORMAL,NORMAL,NORMAL,PASS
224,Jodhpur -> Ahmedabad -> Mumbai,Cooling Degradation,COOLING_DEGRADATION,COOLING_DEGRADATION,NORMAL,PASS
225,Jodhpur -> Ahmedabad -> Mumbai,Low Oil Pressure,OIL_PRESSURE_DEGRADATION,OIL_PRESSURE_DEGRADATION,NORMAL,PASS
226,Jodhpur -> Ahmedabad -> Mumbai,Excessive Vibration,EXCESSIVE_VIBRATION,EXCESSIVE_VIBRATION,NORMAL,PASS
227,Jodhpur -> Ahmedabad -> Mumbai,Sensor Drift,SENSOR_DRIFT,SENSOR_DRIFT,NORMAL,PASS
228,Jodhpur -> Ahmedabad -> Mumbai,Misfire,MISFIRE,MISFIRE,NORMAL,PASS
229,Jodhpur -> Ahmedabad -> Delhi,Healthy,NORMAL,NORMAL,NORMAL,PASS
230,Jodhpur -> Ahmedabad -> Delhi,Cooling Degradation,COOLING_DEGRADATION,COOLING_DEGRADATION,NORMAL,PASS
231,Jodhpur -> Ahmedabad -> Delhi,Low Oil Pressure,OIL_PRESSURE_DEGRADATION,OIL_PRESSURE_DEGRADATION,NORMAL,PASS
232,Jodhpur -> Ahmedabad -> Delhi,Excessive Vibration,EXCESSIVE_VIBRATION,EXCESSIVE_VIBRATION,NORMAL,PASS
233,Jodhpur -> Ahmedabad -> Delhi,Sensor Drift,SENSOR_DRIFT,SENSOR_DRIFT,NORMAL,PASS
234,Jodhpur -> Ahmedabad -> Delhi,Misfire,MISFIRE,MISFIRE,NORMAL,PASS
235,Jodhpur -> Mumbai -> Jaipur,Healthy,NORMAL,NORMAL,NORMAL,PASS
236,Jodhpur -> Mumbai -> Jaipur,Cooling Degradation,COOLING_DEGRADATION,COOLING_DEGRADATION,NORMAL,PASS
237,Jodhpur -> Mumbai -> Jaipur,Low Oil Pressure,OIL_PRESSURE_DEGRADATION,OIL_PRESSURE_DEGRADATION,NORMAL,PASS
238,Jodhpur -> Mumbai -> Jaipur,Excessive Vibration,EXCESSIVE_VIBRATION,EXCESSIVE_VIBRATION,NORMAL,PASS
239,Jodhpur -> Mumbai -> Jaipur,Sensor Drift,SENSOR_DRIFT,SENSOR_DRIFT,NORMAL,PASS
240,Jodhpur -> Mumbai -> Jaipur,Misfire,MISFIRE,MISFIRE,NORMAL,PASS
241,Jodhpur -> Mumbai -> Ahmedabad,Healthy,NORMAL,NORMAL,NORMAL,PASS
242,Jodhpur -> Mumbai -> Ahmedabad,Cooling Degradation,COOLING_DEGRADATION,COOLING_DEGRADATION,NORMAL,PASS
243,Jodhpur -> Mumbai -> Ahmedabad,Low Oil Pressure,OIL_PRESSURE_DEGRADATION,OIL_PRESSURE_DEGRADATION,NORMAL,PASS
244,Jodhpur -> Mumbai -> Ahmedabad,Excessive Vibration,EXCESSIVE_VIBRATION,EXCESSIVE_VIBRATION,NORMAL,PASS
245,Jodhpur -> Mumbai -> Ahmedabad,Sensor Drift,SENSOR_DRIFT,SENSOR_DRIFT,NORMAL,PASS
246,Jodhpur -> Mumbai -> Ahmedabad,Misfire,MISFIRE,MISFIRE,NORMAL,PASS
247,Jodhpur -> Mumbai -> Delhi,Healthy,NORMAL,NORMAL,NORMAL,PASS
248,Jodhpur -> Mumbai -> Delhi,Cooling Degradation,COOLING_DEGRADATION,COOLING_DEGRADATION,NORMAL,PASS
249,Jodhpur -> Mumbai -> Delhi,Low Oil Pressure,OIL_PRESSURE_DEGRADATION,OIL_PRESSURE_DEGRADATION,NORMAL,PASS
250,Jodhpur -> Mumbai -> Delhi,Excessive Vibration,EXCESSIVE_VIBRATION,EXCESSIVE_VIBRATION,NORMAL,PASS
251,Jodhpur -> Mumbai -> Delhi,Sensor Drift,SENSOR_DRIFT,SENSOR_DRIFT,NORMAL,PASS
252,Jodhpur -> Mumbai -> Delhi,Misfire,MISFIRE,MISFIRE,NORMAL,PASS
253,Ahmedabad -> Jaipur,Healthy,NORMAL,NORMAL,NORMAL,PASS
254,Ahmedabad -> Jaipur,Cooling Degradation,COOLING_DEGRADATION,COOLING_DEGRADATION,NORMAL,PASS
255,Ahmedabad -> Jaipur,Low Oil Pressure,OIL_PRESSURE_DEGRADATION,OIL_PRESSURE_DEGRADATION,NORMAL,PASS
256,Ahmedabad -> Jaipur,Excessive Vibration,EXCESSIVE_VIBRATION,EXCESSIVE_VIBRATION,NORMAL,PASS
257,Ahmedabad -> Jaipur,Sensor Drift,SENSOR_DRIFT,SENSOR_DRIFT,NORMAL,PASS
258,Ahmedabad -> Jaipur,Misfire,MISFIRE,MISFIRE,NORMAL,PASS
259,Ahmedabad -> Jaipur -> Jodhpur,Healthy,NORMAL,NORMAL,NORMAL,PASS
260,Ahmedabad -> Jaipur -> Jodhpur,Cooling Degradation,COOLING_DEGRADATION,COOLING_DEGRADATION,NORMAL,PASS
261,Ahmedabad -> Jaipur -> Jodhpur,Low Oil Pressure,OIL_PRESSURE_DEGRADATION,OIL_PRESSURE_DEGRADATION,NORMAL,PASS
262,Ahmedabad -> Jaipur -> Jodhpur,Excessive Vibration,EXCESSIVE_VIBRATION,EXCESSIVE_VIBRATION,NORMAL,PASS
263,Ahmedabad -> Jaipur -> Jodhpur,Sensor Drift,SENSOR_DRIFT,SENSOR_DRIFT,NORMAL,PASS
264,Ahmedabad -> Jaipur -> Jodhpur,Misfire,MISFIRE,MISFIRE,NORMAL,PASS
265,Ahmedabad -> Jaipur -> Mumbai,Healthy,NORMAL,NORMAL,NORMAL,PASS
266,Ahmedabad -> Jaipur -> Mumbai,Cooling Degradation,COOLING_DEGRADATION,COOLING_DEGRADATION,NORMAL,PASS
267,Ahmedabad -> Jaipur -> Mumbai,Low Oil Pressure,OIL_PRESSURE_DEGRADATION,OIL_PRESSURE_DEGRADATION,NORMAL,PASS
268,Ahmedabad -> Jaipur -> Mumbai,Excessive Vibration,EXCESSIVE_VIBRATION,EXCESSIVE_VIBRATION,NORMAL,PASS
269,Ahmedabad -> Jaipur -> Mumbai,Sensor Drift,SENSOR_DRIFT,SENSOR_DRIFT,NORMAL,PASS
270,Ahmedabad -> Jaipur -> Mumbai,Misfire,MISFIRE,MISFIRE,NORMAL,PASS
271,Ahmedabad -> Jaipur -> Delhi,Healthy,NORMAL,NORMAL,NORMAL,PASS
272,Ahmedabad -> Jaipur -> Delhi,Cooling Degradation,COOLING_DEGRADATION,COOLING_DEGRADATION,NORMAL,PASS
273,Ahmedabad -> Jaipur -> Delhi,Low Oil Pressure,OIL_PRESSURE_DEGRADATION,OIL_PRESSURE_DEGRADATION,NORMAL,PASS
274,Ahmedabad -> Jaipur -> Delhi,Excessive Vibration,EXCESSIVE_VIBRATION,EXCESSIVE_VIBRATION,NORMAL,PASS
275,Ahmedabad -> Jaipur -> Delhi,Sensor Drift,SENSOR_DRIFT,SENSOR_DRIFT,NORMAL,PASS
276,Ahmedabad -> Jaipur -> Delhi,Misfire,MISFIRE,MISFIRE,NORMAL,PASS
277,Ahmedabad -> Jodhpur -> Jaipur,Healthy,NORMAL,NORMAL,NORMAL,PASS
278,Ahmedabad -> Jodhpur -> Jaipur,Cooling Degradation,COOLING_DEGRADATION,COOLING_DEGRADATION,NORMAL,PASS
279,Ahmedabad -> Jodhpur -> Jaipur,Low Oil Pressure,OIL_PRESSURE_DEGRADATION,OIL_PRESSURE_DEGRADATION,NORMAL,PASS
280,Ahmedabad -> Jodhpur -> Jaipur,Excessive Vibration,EXCESSIVE_VIBRATION,EXCESSIVE_VIBRATION,NORMAL,PASS
281,Ahmedabad -> Jodhpur -> Jaipur,Sensor Drift,SENSOR_DRIFT,SENSOR_DRIFT,NORMAL,PASS
282,Ahmedabad -> Jodhpur -> Jaipur,Misfire,MISFIRE,MISFIRE,NORMAL,PASS
283,Ahmedabad -> Jodhpur,Healthy,NORMAL,NORMAL,NORMAL,PASS
284,Ahmedabad -> Jodhpur,Cooling Degradation,COOLING_DEGRADATION,COOLING_DEGRADATION,NORMAL,PASS
285,Ahmedabad -> Jodhpur,Low Oil Pressure,OIL_PRESSURE_DEGRADATION,OIL_PRESSURE_DEGRADATION,NORMAL,PASS
286,Ahmedabad -> Jodhpur,Excessive Vibration,EXCESSIVE_VIBRATION,EXCESSIVE_VIBRATION,NORMAL,PASS
287,Ahmedabad -> Jodhpur,Sensor Drift,SENSOR_DRIFT,SENSOR_DRIFT,NORMAL,PASS
288,Ahmedabad -> Jodhpur,Misfire,MISFIRE,MISFIRE,NORMAL,PASS
289,Ahmedabad -> Jodhpur -> Mumbai,Healthy,NORMAL,NORMAL,NORMAL,PASS
290,Ahmedabad -> Jodhpur -> Mumbai,Cooling Degradation,COOLING_DEGRADATION,COOLING_DEGRADATION,NORMAL,PASS
291,Ahmedabad -> Jodhpur -> Mumbai,Low Oil Pressure,OIL_PRESSURE_DEGRADATION,OIL_PRESSURE_DEGRADATION,NORMAL,PASS
292,Ahmedabad -> Jodhpur -> Mumbai,Excessive Vibration,EXCESSIVE_VIBRATION,EXCESSIVE_VIBRATION,NORMAL,PASS
293,Ahmedabad -> Jodhpur -> Mumbai,Sensor Drift,SENSOR_DRIFT,SENSOR_DRIFT,NORMAL,PASS
294,Ahmedabad -> Jodhpur -> Mumbai,Misfire,MISFIRE,MISFIRE,NORMAL,PASS
295,Ahmedabad -> Jodhpur -> Delhi,Healthy,NORMAL,NORMAL,NORMAL,PASS
296,Ahmedabad -> Jodhpur -> Delhi,Cooling Degradation,COOLING_DEGRADATION,COOLING_DEGRADATION,NORMAL,PASS
297,Ahmedabad -> Jodhpur -> Delhi,Low Oil Pressure,OIL_PRESSURE_DEGRADATION,OIL_PRESSURE_DEGRADATION,NORMAL,PASS
298,Ahmedabad -> Jodhpur -> Delhi,Excessive Vibration,EXCESSIVE_VIBRATION,EXCESSIVE_VIBRATION,NORMAL,PASS
299,Ahmedabad -> Jodhpur -> Delhi,Sensor Drift,SENSOR_DRIFT,SENSOR_DRIFT,NORMAL,PASS
300,Ahmedabad -> Jodhpur -> Delhi,Misfire,MISFIRE,MISFIRE,NORMAL,PASS
301,Ahmedabad -> Mumbai,Healthy,NORMAL,NORMAL,NORMAL,PASS
302,Ahmedabad -> Mumbai,Cooling Degradation,COOLING_DEGRADATION,COOLING_DEGRADATION,NORMAL,PASS
303,Ahmedabad -> Mumbai,Low Oil Pressure,OIL_PRESSURE_DEGRADATION,OIL_PRESSURE_DEGRADATION,NORMAL,PASS
304,Ahmedabad -> Mumbai,Excessive Vibration,EXCESSIVE_VIBRATION,EXCESSIVE_VIBRATION,NORMAL,PASS
305,Ahmedabad -> Mumbai,Sensor Drift,SENSOR_DRIFT,SENSOR_DRIFT,NORMAL,PASS
306,Ahmedabad -> Mumbai,Misfire,MISFIRE,MISFIRE,NORMAL,PASS
307,Ahmedabad -> Delhi,Healthy,NORMAL,NORMAL,NORMAL,PASS
308,Ahmedabad -> Delhi,Cooling Degradation,COOLING_DEGRADATION,COOLING_DEGRADATION,NORMAL,PASS
309,Ahmedabad -> Delhi,Low Oil Pressure,OIL_PRESSURE_DEGRADATION,OIL_PRESSURE_DEGRADATION,NORMAL,PASS
310,Ahmedabad -> Delhi,Excessive Vibration,EXCESSIVE_VIBRATION,EXCESSIVE_VIBRATION,NORMAL,PASS
311,Ahmedabad -> Delhi,Sensor Drift,SENSOR_DRIFT,SENSOR_DRIFT,NORMAL,PASS
312,Ahmedabad -> Delhi,Misfire,MISFIRE,MISFIRE,NORMAL,PASS
313,Ahmedabad -> Mumbai -> Jaipur,Healthy,NORMAL,NORMAL,NORMAL,PASS
314,Ahmedabad -> Mumbai -> Jaipur,Cooling Degradation,COOLING_DEGRADATION,COOLING_DEGRADATION,NORMAL,PASS
315,Ahmedabad -> Mumbai -> Jaipur,Low Oil Pressure,OIL_PRESSURE_DEGRADATION,OIL_PRESSURE_DEGRADATION,NORMAL,PASS
316,Ahmedabad -> Mumbai -> Jaipur,Excessive Vibration,EXCESSIVE_VIBRATION,EXCESSIVE_VIBRATION,NORMAL,PASS
317,Ahmedabad -> Mumbai -> Jaipur,Sensor Drift,SENSOR_DRIFT,SENSOR_DRIFT,NORMAL,PASS
318,Ahmedabad -> Mumbai -> Jaipur,Misfire,MISFIRE,MISFIRE,NORMAL,PASS
319,Ahmedabad -> Mumbai -> Jodhpur,Healthy,NORMAL,NORMAL,NORMAL,PASS
320,Ahmedabad -> Mumbai -> Jodhpur,Cooling Degradation,COOLING_DEGRADATION,COOLING_DEGRADATION,NORMAL,PASS
321,Ahmedabad -> Mumbai -> Jodhpur,Low Oil Pressure,OIL_PRESSURE_DEGRADATION,OIL_PRESSURE_DEGRADATION,NORMAL,PASS
322,Ahmedabad -> Mumbai -> Jodhpur,Excessive Vibration,EXCESSIVE_VIBRATION,EXCESSIVE_VIBRATION,NORMAL,PASS
323,Ahmedabad -> Mumbai -> Jodhpur,Sensor Drift,SENSOR_DRIFT,SENSOR_DRIFT,NORMAL,PASS
324,Ahmedabad -> Mumbai -> Jodhpur,Misfire,MISFIRE,MISFIRE,NORMAL,PASS
325,Ahmedabad -> Mumbai -> Delhi,Healthy,NORMAL,NORMAL,NORMAL,PASS
326,Ahmedabad -> Mumbai -> Delhi,Cooling Degradation,COOLING_DEGRADATION,COOLING_DEGRADATION,NORMAL,PASS
327,Ahmedabad -> Mumbai -> Delhi,Low Oil Pressure,OIL_PRESSURE_DEGRADATION,OIL_PRESSURE_DEGRADATION,NORMAL,PASS
328,Ahmedabad -> Mumbai -> Delhi,Excessive Vibration,EXCESSIVE_VIBRATION,EXCESSIVE_VIBRATION,NORMAL,PASS
329,Ahmedabad -> Mumbai -> Delhi,Sensor Drift,SENSOR_DRIFT,SENSOR_DRIFT,NORMAL,PASS
330,Ahmedabad -> Mumbai -> Delhi,Misfire,MISFIRE,MISFIRE,NORMAL,PASS
331,Mumbai -> Jaipur,Healthy,NORMAL,NORMAL,NORMAL,PASS
332,Mumbai -> Jaipur,Cooling Degradation,COOLING_DEGRADATION,COOLING_DEGRADATION,NORMAL,PASS
333,Mumbai -> Jaipur,Low Oil Pressure,OIL_PRESSURE_DEGRADATION,OIL_PRESSURE_DEGRADATION,NORMAL,PASS
334,Mumbai -> Jaipur,Excessive Vibration,EXCESSIVE_VIBRATION,EXCESSIVE_VIBRATION,NORMAL,PASS
335,Mumbai -> Jaipur,Sensor Drift,SENSOR_DRIFT,SENSOR_DRIFT,NORMAL,PASS
336,Mumbai -> Jaipur,Misfire,MISFIRE,MISFIRE,NORMAL,PASS
337,Mumbai -> Jaipur -> Jodhpur,Healthy,NORMAL,NORMAL,NORMAL,PASS
338,Mumbai -> Jaipur -> Jodhpur,Cooling Degradation,COOLING_DEGRADATION,COOLING_DEGRADATION,NORMAL,PASS
339,Mumbai -> Jaipur -> Jodhpur,Low Oil Pressure,OIL_PRESSURE_DEGRADATION,OIL_PRESSURE_DEGRADATION,NORMAL,PASS
340,Mumbai -> Jaipur -> Jodhpur,Excessive Vibration,EXCESSIVE_VIBRATION,EXCESSIVE_VIBRATION,NORMAL,PASS
341,Mumbai -> Jaipur -> Jodhpur,Sensor Drift,SENSOR_DRIFT,SENSOR_DRIFT,NORMAL,PASS
342,Mumbai -> Jaipur -> Jodhpur,Misfire,MISFIRE,MISFIRE,NORMAL,PASS
343,Mumbai -> Jaipur -> Ahmedabad,Healthy,NORMAL,NORMAL,NORMAL,PASS
344,Mumbai -> Jaipur -> Ahmedabad,Cooling Degradation,COOLING_DEGRADATION,COOLING_DEGRADATION,NORMAL,PASS
345,Mumbai -> Jaipur -> Ahmedabad,Low Oil Pressure,OIL_PRESSURE_DEGRADATION,OIL_PRESSURE_DEGRADATION,NORMAL,PASS
346,Mumbai -> Jaipur -> Ahmedabad,Excessive Vibration,EXCESSIVE_VIBRATION,EXCESSIVE_VIBRATION,NORMAL,PASS
347,Mumbai -> Jaipur -> Ahmedabad,Sensor Drift,SENSOR_DRIFT,SENSOR_DRIFT,NORMAL,PASS
348,Mumbai -> Jaipur -> Ahmedabad,Misfire,MISFIRE,MISFIRE,NORMAL,PASS
349,Mumbai -> Jaipur -> Delhi,Healthy,NORMAL,NORMAL,NORMAL,PASS
350,Mumbai -> Jaipur -> Delhi,Cooling Degradation,COOLING_DEGRADATION,COOLING_DEGRADATION,NORMAL,PASS
351,Mumbai -> Jaipur -> Delhi,Low Oil Pressure,OIL_PRESSURE_DEGRADATION,OIL_PRESSURE_DEGRADATION,NORMAL,PASS
352,Mumbai -> Jaipur -> Delhi,Excessive Vibration,EXCESSIVE_VIBRATION,EXCESSIVE_VIBRATION,NORMAL,PASS
353,Mumbai -> Jaipur -> Delhi,Sensor Drift,SENSOR_DRIFT,SENSOR_DRIFT,NORMAL,PASS
354,Mumbai -> Jaipur -> Delhi,Misfire,MISFIRE,MISFIRE,NORMAL,PASS
355,Mumbai -> Jodhpur -> Jaipur,Healthy,NORMAL,NORMAL,NORMAL,PASS
356,Mumbai -> Jodhpur -> Jaipur,Cooling Degradation,COOLING_DEGRADATION,COOLING_DEGRADATION,NORMAL,PASS
357,Mumbai -> Jodhpur -> Jaipur,Low Oil Pressure,OIL_PRESSURE_DEGRADATION,OIL_PRESSURE_DEGRADATION,NORMAL,PASS
358,Mumbai -> Jodhpur -> Jaipur,Excessive Vibration,EXCESSIVE_VIBRATION,EXCESSIVE_VIBRATION,NORMAL,PASS
359,Mumbai -> Jodhpur -> Jaipur,Sensor Drift,SENSOR_DRIFT,SENSOR_DRIFT,NORMAL,PASS
360,Mumbai -> Jodhpur -> Jaipur,Misfire,MISFIRE,MISFIRE,NORMAL,PASS
361,Mumbai -> Jodhpur,Healthy,NORMAL,NORMAL,NORMAL,PASS
362,Mumbai -> Jodhpur,Cooling Degradation,COOLING_DEGRADATION,COOLING_DEGRADATION,NORMAL,PASS
363,Mumbai -> Jodhpur,Low Oil Pressure,OIL_PRESSURE_DEGRADATION,OIL_PRESSURE_DEGRADATION,NORMAL,PASS
364,Mumbai -> Jodhpur,Excessive Vibration,EXCESSIVE_VIBRATION,EXCESSIVE_VIBRATION,NORMAL,PASS
365,Mumbai -> Jodhpur,Sensor Drift,SENSOR_DRIFT,SENSOR_DRIFT,NORMAL,PASS
366,Mumbai -> Jodhpur,Misfire,MISFIRE,MISFIRE,NORMAL,PASS
367,Mumbai -> Jodhpur -> Ahmedabad,Healthy,NORMAL,NORMAL,NORMAL,PASS
368,Mumbai -> Jodhpur -> Ahmedabad,Cooling Degradation,COOLING_DEGRADATION,COOLING_DEGRADATION,NORMAL,PASS
369,Mumbai -> Jodhpur -> Ahmedabad,Low Oil Pressure,OIL_PRESSURE_DEGRADATION,OIL_PRESSURE_DEGRADATION,NORMAL,PASS
370,Mumbai -> Jodhpur -> Ahmedabad,Excessive Vibration,EXCESSIVE_VIBRATION,EXCESSIVE_VIBRATION,NORMAL,PASS
371,Mumbai -> Jodhpur -> Ahmedabad,Sensor Drift,SENSOR_DRIFT,SENSOR_DRIFT,NORMAL,PASS
372,Mumbai -> Jodhpur -> Ahmedabad,Misfire,MISFIRE,MISFIRE,NORMAL,PASS
373,Mumbai -> Jodhpur -> Delhi,Healthy,NORMAL,NORMAL,NORMAL,PASS
374,Mumbai -> Jodhpur -> Delhi,Cooling Degradation,COOLING_DEGRADATION,COOLING_DEGRADATION,NORMAL,PASS
375,Mumbai -> Jodhpur -> Delhi,Low Oil Pressure,OIL_PRESSURE_DEGRADATION,OIL_PRESSURE_DEGRADATION,NORMAL,PASS
376,Mumbai -> Jodhpur -> Delhi,Excessive Vibration,EXCESSIVE_VIBRATION,EXCESSIVE_VIBRATION,NORMAL,PASS
377,Mumbai -> Jodhpur -> Delhi,Sensor Drift,SENSOR_DRIFT,SENSOR_DRIFT,NORMAL,PASS
378,Mumbai -> Jodhpur -> Delhi,Misfire,MISFIRE,MISFIRE,NORMAL,PASS
379,Mumbai -> Ahmedabad -> Jaipur,Healthy,NORMAL,NORMAL,NORMAL,PASS
380,Mumbai -> Ahmedabad -> Jaipur,Cooling Degradation,COOLING_DEGRADATION,COOLING_DEGRADATION,NORMAL,PASS
381,Mumbai -> Ahmedabad -> Jaipur,Low Oil Pressure,OIL_PRESSURE_DEGRADATION,OIL_PRESSURE_DEGRADATION,NORMAL,PASS
382,Mumbai -> Ahmedabad -> Jaipur,Excessive Vibration,EXCESSIVE_VIBRATION,EXCESSIVE_VIBRATION,NORMAL,PASS
383,Mumbai -> Ahmedabad -> Jaipur,Sensor Drift,SENSOR_DRIFT,SENSOR_DRIFT,NORMAL,PASS
384,Mumbai -> Ahmedabad -> Jaipur,Misfire,MISFIRE,MISFIRE,NORMAL,PASS
385,Mumbai -> Ahmedabad -> Jodhpur,Healthy,NORMAL,NORMAL,NORMAL,PASS
386,Mumbai -> Ahmedabad -> Jodhpur,Cooling Degradation,COOLING_DEGRADATION,COOLING_DEGRADATION,NORMAL,PASS
387,Mumbai -> Ahmedabad -> Jodhpur,Low Oil Pressure,OIL_PRESSURE_DEGRADATION,OIL_PRESSURE_DEGRADATION,NORMAL,PASS
388,Mumbai -> Ahmedabad -> Jodhpur,Excessive Vibration,EXCESSIVE_VIBRATION,EXCESSIVE_VIBRATION,NORMAL,PASS
389,Mumbai -> Ahmedabad -> Jodhpur,Sensor Drift,SENSOR_DRIFT,SENSOR_DRIFT,NORMAL,PASS
390,Mumbai -> Ahmedabad -> Jodhpur,Misfire,MISFIRE,MISFIRE,NORMAL,PASS
391,Mumbai -> Ahmedabad,Healthy,NORMAL,NORMAL,NORMAL,PASS
392,Mumbai -> Ahmedabad,Cooling Degradation,COOLING_DEGRADATION,COOLING_DEGRADATION,NORMAL,PASS
393,Mumbai -> Ahmedabad,Low Oil Pressure,OIL_PRESSURE_DEGRADATION,OIL_PRESSURE_DEGRADATION,NORMAL,PASS
394,Mumbai -> Ahmedabad,Excessive Vibration,EXCESSIVE_VIBRATION,EXCESSIVE_VIBRATION,NORMAL,PASS
395,Mumbai -> Ahmedabad,Sensor Drift,SENSOR_DRIFT,SENSOR_DRIFT,NORMAL,PASS
396,Mumbai -> Ahmedabad,Misfire,MISFIRE,MISFIRE,NORMAL,PASS
397,Mumbai -> Ahmedabad -> Delhi,Healthy,NORMAL,NORMAL,NORMAL,PASS
398,Mumbai -> Ahmedabad -> Delhi,Cooling Degradation,COOLING_DEGRADATION,COOLING_DEGRADATION,NORMAL,PASS
399,Mumbai -> Ahmedabad -> Delhi,Low Oil Pressure,OIL_PRESSURE_DEGRADATION,OIL_PRESSURE_DEGRADATION,NORMAL,PASS
400,Mumbai -> Ahmedabad -> Delhi,Excessive Vibration,EXCESSIVE_VIBRATION,EXCESSIVE_VIBRATION,NORMAL,PASS
401,Mumbai -> Ahmedabad -> Delhi,Sensor Drift,SENSOR_DRIFT,SENSOR_DRIFT,NORMAL,PASS
402,Mumbai -> Ahmedabad -> Delhi,Misfire,MISFIRE,MISFIRE,NORMAL,PASS
403,Mumbai -> Delhi,Healthy,NORMAL,NORMAL,NORMAL,PASS
404,Mumbai -> Delhi,Cooling Degradation,COOLING_DEGRADATION,COOLING_DEGRADATION,NORMAL,PASS
405,Mumbai -> Delhi,Low Oil Pressure,OIL_PRESSURE_DEGRADATION,OIL_PRESSURE_DEGRADATION,NORMAL,PASS
406,Mumbai -> Delhi,Excessive Vibration,EXCESSIVE_VIBRATION,EXCESSIVE_VIBRATION,NORMAL,PASS
407,Mumbai -> Delhi,Sensor Drift,SENSOR_DRIFT,SENSOR_DRIFT,NORMAL,PASS
408,Mumbai -> Delhi,Misfire,MISFIRE,MISFIRE,NORMAL,PASS
